probe	arm	first_rank	recall_at_k	mrr	ndcg_at_k	returned
p01	temporal_only	0	0	0	0	10
p01	both	0	0	0	0	10
p01	baseline	0	0	0	0	10
p01	energy_neutral	0	0	0	0	10
p02	both	0	0	0	0	10
p02	baseline	0	0	0	0	10
p02	energy_neutral	0	0	0	0	10
p02	temporal_only	0	0	0	0	10
p03	baseline	0	0	0	0	10
p03	temporal_only	0	0	0	0	10
p03	energy_neutral	0	0	0	0	10
p03	both	0	0	0	0	10
p04	energy_neutral	0	0	0	0	10
p04	both	0	0	0	0	10
p04	temporal_only	0	0	0	0	10
p04	baseline	0	0	0	0	10
p05	temporal_only	0	0	0	0	10
p05	both	0	0	0	0	10
p05	baseline	0	0	0	0	10
p05	energy_neutral	0	0	0	0	10
p06	both	0	0	0	0	10
p06	baseline	0	0	0	0	10
p06	energy_neutral	0	0	0	0	10
p06	temporal_only	0	0	0	0	10
p07	baseline	0	0	0	0	10
p07	energy_neutral	0	0	0	0	10
p07	temporal_only	0	0	0	0	10
p07	both	0	0	0	0	10
p08	energy_neutral	3	1	0.3333333333333333	0.5	10
p08	temporal_only	0	0	0	0	10
p08	both	2	1	0.5	0.6309297535714575	10
p08	baseline	0	0	0	0	10
p09	temporal_only	0	0	0	0	10
p09	both	0	0	0	0	10
p09	baseline	0	0	0	0	10
p09	energy_neutral	0	0	0	0	10
p10	baseline	0	0	0	0	10
p10	temporal_only	0	0	0	0	10
p10	energy_neutral	0	0	0	0	10
p10	both	0	0	0	0	10
p11	energy_neutral	2	1	0.5	0.6309297535714575	10
p11	both	1	1	1	1	10
p11	baseline	7	1	0.14285714285714285	0.3333333333333333	10
p11	temporal_only	7	1	0.14285714285714285	0.3333333333333333	10
p12	baseline	0	0	0	0	10
p12	both	0	0	0	0	10
p12	temporal_only	0	0	0	0	10
p12	energy_neutral	0	0	0	0	10
p13	energy_neutral	0	0	0	0	10
p13	both	0	0	0	0	10
p13	temporal_only	0	0	0	0	10
p13	baseline	0	0	0	0	10
p14	baseline	0	0	0	0	10
p14	temporal_only	0	0	0	0	10
p14	energy_neutral	0	0	0	0	10
p14	both	0	0	0	0	10
p15	energy_neutral	0	0	0	0	10
p15	both	0	0	0	0	10
p15	baseline	0	0	0	0	10
p15	temporal_only	0	0	0	0	10
p16	baseline	0	0	0	0	10
p16	both	0	0	0	0	10
p16	temporal_only	0	0	0	0	10
p16	energy_neutral	0	0	0	0	10
p17	temporal_only	0	0	0	0	10
p17	both	0	0	0	0	10
p17	energy_neutral	0	0	0	0	10
p17	baseline	0	0	0	0	10
p18	baseline	0	0	0	0	10
p18	temporal_only	0	0	0	0	10
p18	energy_neutral	0	0	0	0	10
p18	both	0	0	0	0	10
p19	both	0	0	0	0	10
p19	baseline	0	0	0	0	10
p19	energy_neutral	0	0	0	0	10
p19	temporal_only	0	0	0	0	10
p20	both	0	0	0	0	10
p20	baseline	0	0	0	0	10
p20	energy_neutral	0	0	0	0	10
p20	temporal_only	0	0	0	0	10
p21	baseline	0	0	0	0	10
p21	energy_neutral	2	1	0.5	0.6309297535714575	10
p21	temporal_only	0	0	0	0	10
p21	both	3	1	0.3333333333333333	0.5	10
p22	energy_neutral	0	0	0	0	10
p22	temporal_only	0	0	0	0	10
p22	both	0	0	0	0	10
p22	baseline	0	0	0	0	10
p23	baseline	10	1	0.1	0.2890648263178879	10
p23	temporal_only	0	0	0	0	10
p23	both	9	1	0.1111111111111111	0.3010299956639812	10
p23	energy_neutral	7	1	0.14285714285714285	0.3333333333333333	10
p24	both	0	0	0	0	10
p24	baseline	0	0	0	0	10
p24	energy_neutral	0	0	0	0	10
p24	temporal_only	0	0	0	0	10
p25	baseline	0	0	0	0	10
p25	energy_neutral	0	0	0	0	10
p25	temporal_only	0	0	0	0	10
p25	both	0	0	0	0	10
p26	energy_neutral	0	0	0	0	10
p26	temporal_only	0	0	0	0	10
p26	both	0	0	0	0	10
p26	baseline	0	0	0	0	10
p27	baseline	0	0	0	0	10
p27	temporal_only	6	1	0.16666666666666666	0.3562071871080222	10
p27	both	3	1	0.3333333333333333	0.5	10
p27	energy_neutral	2	1	0.5	0.6309297535714575	10
p28	both	0	0	0	0	10
p28	baseline	0	0	0	0	10
p28	energy_neutral	0	0	0	0	10
p28	temporal_only	0	0	0	0	10
p29	baseline	0	0	0	0	10
p29	temporal_only	9	1	0.1111111111111111	0.3010299956639812	10
p29	energy_neutral	4	1	0.25	0.43067655807339306	10
p29	both	4	1	0.25	0.43067655807339306	10
p30	baseline	0	0	0	0	10
p30	temporal_only	0	0	0	0	10
p30	both	0	0	0	0	10
p30	energy_neutral	0	0	0	0	10
p31	temporal_only	0	0	0	0	10
p31	both	2	1	0.5	0.6309297535714575	10
p31	energy_neutral	2	1	0.5	0.6309297535714575	10
p31	baseline	0	0	0	0	10
p32	temporal_only	0	0	0	0	10
p32	energy_neutral	0	0	0	0	10
p32	baseline	0	0	0	0	10
p32	both	0	0	0	0	10
p33	energy_neutral	0	0	0	0	10
p33	baseline	0	0	0	0	10
p33	both	0	0	0	0	10
p33	temporal_only	0	0	0	0	10
p34	baseline	0	0	0	0	10
p34	both	0	0	0	0	10
p34	temporal_only	0	0	0	0	10
p34	energy_neutral	0	0	0	0	10
p35	temporal_only	0	0	0	0	10
p35	both	0	0	0	0	10
p35	energy_neutral	0	0	0	0	10
p35	baseline	0	0	0	0	10
p36	temporal_only	0	0	0	0	10
p36	energy_neutral	0	0	0	0	10
p36	baseline	9	1	0.1111111111111111	0.3010299956639812	10
p36	both	0	0	0	0	10
p37	energy_neutral	0	0	0	0	10
p37	baseline	0	0	0	0	10
p37	both	0	0	0	0	10
p37	temporal_only	0	0	0	0	10
p38	baseline	0	0	0	0	10
p38	temporal_only	0	0	0	0	10
p38	both	3	1	0.3333333333333333	0.5	10
p38	energy_neutral	3	1	0.3333333333333333	0.5	10
p39	energy_neutral	0	0	0	0	10
p39	temporal_only	0	0	0	0	10
p39	both	0	0	0	0	10
p39	baseline	0	0	0	0	10
p40	energy_neutral	1	1	1	1	10
p40	both	1	1	1	1	10
p40	temporal_only	3	1	0.3333333333333333	0.5	10
p40	baseline	5	1	0.2	0.38685280723454163	10
p41	baseline	0	0	0	0	10
p41	both	0	0	0	0	10
p41	temporal_only	0	0	0	0	10
p41	energy_neutral	0	0	0	0	10
p42	energy_neutral	0	0	0	0	10
p42	both	0	0	0	0	10
p42	baseline	0	0	0	0	10
p42	temporal_only	0	0	0	0	10
p43	baseline	0	0	0	0	10
p43	temporal_only	0	0	0	0	10
p43	energy_neutral	9	1	0.1111111111111111	0.3010299956639812	10
p43	both	6	1	0.16666666666666666	0.3562071871080222	10
p44	temporal_only	0	0	0	0	10
p44	both	0	0	0	0	10
p44	energy_neutral	0	0	0	0	10
p44	baseline	0	0	0	0	10
p45	baseline	0	0	0	0	10
p45	both	7	1	0.14285714285714285	0.3333333333333333	10
p45	temporal_only	9	1	0.1111111111111111	0.3010299956639812	10
p45	energy_neutral	9	1	0.1111111111111111	0.3010299956639812	10
p46	energy_neutral	0	0	0	0	10
p46	both	0	0	0	0	10
p46	baseline	0	0	0	0	10
p46	temporal_only	0	0	0	0	10
p47	baseline	0	0	0	0	10
p47	temporal_only	0	0	0	0	10
p47	energy_neutral	0	0	0	0	10
p47	both	0	0	0	0	10
p48	temporal_only	0	0	0	0	10
p48	both	0	0	0	0	10
p48	energy_neutral	0	0	0	0	10
p48	baseline	0	0	0	0	10
p49	baseline	0	0	0	0	10
p49	both	0	0	0	0	10
p49	temporal_only	0	0	0	0	10
p49	energy_neutral	0	0	0	0	10
p50	baseline	0	0	0	0	10
p50	temporal_only	7	1	0.14285714285714285	0.3333333333333333	10
p50	energy_neutral	0	0	0	0	10
p50	both	3	1	0.3333333333333333	0.5	10